,full_name,id,url,stars
0,junit-team/junit4,106310,https://api.github.com/repos/junit-team/junit4,8304
1,google/guava,20300177,https://api.github.com/repos/google/guava,44927
2,spring-projects/spring-framework,1148753,https://api.github.com/repos/spring-projects/spring-framework,48182
3,scala/scala,2888818,https://api.github.com/repos/scala/scala,13781
4,JetBrains/kotlin,3432266,https://api.github.com/repos/JetBrains/kotlin,41823
5,h2database/h2database,33745913,https://api.github.com/repos/h2database/h2database,3331
6,projectlombok/lombok,221862,https://api.github.com/repos/projectlombok/lombok,11266
7,google/gson,32538871,https://api.github.com/repos/google/gson,21061
8,mockito/mockito,6207167,https://api.github.com/repos/mockito/mockito,13031
9,spring-projects/spring-boot,6296790,https://api.github.com/repos/spring-projects/spring-boot,61793
10,junit-team/junit5,29102367,https://api.github.com/repos/junit-team/junit5,5240
11,qos-ch/slf4j,283187,https://api.github.com/repos/qos-ch/slf4j,1930
12,FasterXML/jackson-databind,3038937,https://api.github.com/repos/FasterXML/jackson-databind,3067
13,cbeust/testng,745749,https://api.github.com/repos/cbeust/testng,1743
14,square/okhttp,5152285,https://api.github.com/repos/square/okhttp,42355
15,ReactiveX/RxJava,7508411,https://api.github.com/repos/ReactiveX/RxJava,46163
16,protocolbuffers/protobuf,23357588,https://api.github.com/repos/protocolbuffers/protobuf,55022
17,assertj/assertj-core,8779606,https://api.github.com/repos/assertj/assertj-core,2168
18,JodaOrg/joda-time,1756350,https://api.github.com/repos/JodaOrg/joda-time,4794
19,dropwizard/dropwizard,1272129,https://api.github.com/repos/dropwizard/dropwizard,8212
20,mybatis/mybatis-3,8205602,https://api.github.com/repos/mybatis/mybatis-3,17332
21,hibernate/hibernate-orm,961036,https://api.github.com/repos/hibernate/hibernate-orm,4976
22,FasterXML/jackson-core,3037907,https://api.github.com/repos/FasterXML/jackson-core,2056
23,qos-ch/logback,283325,https://api.github.com/repos/qos-ch/logback,2450
24,square/okio,17812502,https://api.github.com/repos/square/okio,8006
25,brettwooldridge/HikariCP,13404515,https://api.github.com/repos/brettwooldridge/HikariCP,16876
26,FasterXML/jackson-annotations,3038035,https://api.github.com/repos/FasterXML/jackson-annotations,923
27,apache/httpcomponents-client,206402,https://api.github.com/repos/apache/httpcomponents-client,1209
28,spring-projects/spring-security,3148979,https://api.github.com/repos/spring-projects/spring-security,6891
29,apache/groovy,34039690,https://api.github.com/repos/apache/groovy,4536
30,scalatest/scalatest,9283927,https://api.github.com/repos/scalatest/scalatest,1042
31,square/retrofit,892275,https://api.github.com/repos/square/retrofit,40109
32,SeleniumHQ/selenium,7613257,https://api.github.com/repos/SeleniumHQ/selenium,23943
33,java-native-access/jna,1680733,https://api.github.com/repos/java-native-access/jna,7192
34,rest-assured/rest-assured,1011539,https://api.github.com/repos/rest-assured/rest-assured,5909
35,elastic/elasticsearch,507775,https://api.github.com/repos/elastic/elasticsearch,60084
36,json-path/JsonPath,1287669,https://api.github.com/repos/json-path/JsonPath,7068
37,liquibase/liquibase,2019791,https://api.github.com/repos/liquibase/liquibase,3267
38,lightbend/config,2923236,https://api.github.com/repos/lightbend/config,5646
39,grpc/grpc-java,27729926,https://api.github.com/repos/grpc/grpc-java,9799
40,dropwizard/metrics,537800,https://api.github.com/repos/dropwizard/metrics,7576
41,swagger-api/swagger-core,2003641,https://api.github.com/repos/swagger-api/swagger-core,7005
42,apache/thrift,310611,https://api.github.com/repos/apache/thrift,9164
43,aws/aws-sdk-java,574877,https://api.github.com/repos/aws/aws-sdk-java,3773
44,stleary/JSON-java,1187853,https://api.github.com/repos/stleary/JSON-java,4072
45,eclipse/jetty.project,2045207,https://api.github.com/repos/eclipse/jetty.project,3388
46,mybatis/spring-boot-starter,43142077,https://api.github.com/repos/mybatis/spring-boot-starter,3618
47,netty/netty,1064563,https://api.github.com/repos/netty/netty,29412
48,ben-manes/caffeine,27954927,https://api.github.com/repos/ben-manes/caffeine,11752
49,eclipse-vertx/vert.x,1911523,https://api.github.com/repos/eclipse-vertx/vert.x,12977
50,bumptech/glide,11267509,https://api.github.com/repos/bumptech/glide,32683
51,google/guice,20275545,https://api.github.com/repos/google/guice,11204
52,mysql/mysql-connector-j,32741886,https://api.github.com/repos/mysql/mysql-connector-j,652
53,jhy/jsoup,442430,https://api.github.com/repos/jhy/jsoup,9524
54,redis/jedis,715605,https://api.github.com/repos/redis/jedis,10506
55,apache/maven,206483,https://api.github.com/repos/apache/maven,3165
56,apache/commons-codec,206371,https://api.github.com/repos/apache/commons-codec,361
57,quartz-scheduler/quartz,53330030,https://api.github.com/repos/quartz-scheduler/quartz,5055
58,mybatis/spring,8247368,https://api.github.com/repos/mybatis/spring,2479
59,springfox/springfox,4238977,https://api.github.com/repos/springfox/springfox,5640
60,flyway/flyway,7170058,https://api.github.com/repos/flyway/flyway,6583
61,JakeWharton/butterknife,8575137,https://api.github.com/repos/JakeWharton/butterknife,25688
62,AsyncHttpClient/async-http-client,1450115,https://api.github.com/repos/AsyncHttpClient/async-http-client,5965
63,facebook/facebook-android-sdk,659341,https://api.github.com/repos/facebook/facebook-android-sdk,5636
64,awaitility/awaitility,483924,https://api.github.com/repos/awaitility/awaitility,3023
65,eclipse-ee4j/jersey,129954828,https://api.github.com/repos/eclipse-ee4j/jersey,590
66,logfellow/logstash-logback-encoder,8559429,https://api.github.com/repos/logfellow/logstash-logback-encoder,2098
67,testcontainers/testcontainers-java,33816473,https://api.github.com/repos/testcontainers/testcontainers-java,6055
68,square/javapoet,7961991,https://api.github.com/repos/square/javapoet,9654
69,alibaba/druid,2700159,https://api.github.com/repos/alibaba/druid,25666
70,google/auto,10230369,https://api.github.com/repos/google/auto,9759
71,cglib/cglib,18242149,https://api.github.com/repos/cglib/cglib,4394
72,janino-compiler/janino,60977924,https://api.github.com/repos/janino-compiler/janino,873
73,spring-projects/spring-data-mongodb,2566570,https://api.github.com/repos/spring-projects/spring-data-mongodb,1415
74,twbs/bootstrap,2126244,https://api.github.com/repos/twbs/bootstrap,158071
75,EsotericSoftware/kryo,14173176,https://api.github.com/repos/EsotericSoftware/kryo,5449
76,JakeWharton/timber,11495787,https://api.github.com/repos/JakeWharton/timber,9645
77,x-stream/xstream,32219624,https://api.github.com/repos/x-stream/xstream,645
78,powermock/powermock,20249391,https://api.github.com/repos/powermock/powermock,3821
79,apache/curator,17359057,https://api.github.com/repos/apache/curator,2774
80,hibernate/hibernate-validator,972205,https://api.github.com/repos/hibernate/hibernate-validator,991
81,robolectric/robolectric,867564,https://api.github.com/repos/robolectric/robolectric,5478
82,FasterXML/jackson-dataformat-xml,1210290,https://api.github.com/repos/FasterXML/jackson-dataformat-xml,495
83,pgjdbc/pgjdbc,3370128,https://api.github.com/repos/pgjdbc/pgjdbc,1111
84,googleapis/google-api-java-client,25881432,https://api.github.com/repos/googleapis/google-api-java-client,1141
85,alibaba/fastjson2,482425877,https://api.github.com/repos/alibaba/fastjson2,1761
86,reactor/reactor-core,45903621,https://api.github.com/repos/reactor/reactor-core,4168
87,antlr/antlr4,501687,https://api.github.com/repos/antlr/antlr4,12354
88,jboss-javassist/javassist,10262364,https://api.github.com/repos/jboss-javassist/javassist,3552
89,mongodb/mongo-java-driver,108050,https://api.github.com/repos/mongodb/mongo-java-driver,2480
90,FasterXML/jackson-modules-java8,72700804,https://api.github.com/repos/FasterXML/jackson-modules-java8,352
91,hamcrest/JavaHamcrest,3894929,https://api.github.com/repos/hamcrest/JavaHamcrest,1982
92,greenrobot/EventBus,5070389,https://api.github.com/repos/greenrobot/EventBus,24004
93,mozilla/rhino,1739767,https://api.github.com/repos/mozilla/rhino,3292
94,jquery/jquery,167174,https://api.github.com/repos/jquery/jquery,56371
95,LMAX-Exchange/disruptor,5901900,https://api.github.com/repos/LMAX-Exchange/disruptor,14927
96,raphw/byte-buddy,14696091,https://api.github.com/repos/raphw/byte-buddy,4973
97,Kotlin/kotlinx.coroutines,61722736,https://api.github.com/repos/Kotlin/kotlinx.coroutines,10889
98,google/dagger,7968417,https://api.github.com/repos/google/dagger,16670
99,libgdx/libgdx,5373551,https://api.github.com/repos/libgdx/libgdx,20118
100,akka/akka,130013,https://api.github.com/repos/akka/akka,12268
101,jwtk/jjwt,23982180,https://api.github.com/repos/jwtk/jjwt,8384
102,cbeust/jcommander,771886,https://api.github.com/repos/cbeust/jcommander,1727
103,ThreeTen/threetenbp,7631422,https://api.github.com/repos/ThreeTen/threetenbp,523
104,javaparser/javaparser,2675355,https://api.github.com/repos/javaparser/javaparser,4243
105,square/moshi,22789601,https://api.github.com/repos/square/moshi,8309
106,FasterXML/jackson-module-kotlin,23404083,https://api.github.com/repos/FasterXML/jackson-module-kotlin,947
107,spring-cloud/spring-cloud-commons,27401779,https://api.github.com/repos/spring-cloud/spring-cloud-commons,598
108,FasterXML/jackson-modules-base,50140860,https://api.github.com/repos/FasterXML/jackson-modules-base,141
109,reactive-streams/reactive-streams-jvm,17286587,https://api.github.com/repos/reactive-streams/reactive-streams-jvm,4383
110,FasterXML/jackson-dataformats-text,85504501,https://api.github.com/repos/FasterXML/jackson-dataformats-text,327
111,typelevel/cats,29986727,https://api.github.com/repos/typelevel/cats,4704
112,scala/scala-parser-combinators,12140830,https://api.github.com/repos/scala/scala-parser-combinators,589
113,apache/shiro,291570,https://api.github.com/repos/apache/shiro,3829
114,clojure/clojure,747512,https://api.github.com/repos/clojure/clojure,9530
115,eclipse/org.aspectj,283817270,https://api.github.com/repos/eclipse/org.aspectj,114
116,resteasy/resteasy,2948043,https://api.github.com/repos/resteasy/resteasy,1013
117,scala-js/scala-js,8272315,https://api.github.com/repos/scala-js/scala-js,4319
118,ReactiveX/RxAndroid,23095954,https://api.github.com/repos/ReactiveX/RxAndroid,19647
119,easymock/easymock,10610797,https://api.github.com/repos/easymock/easymock,770
120,google/truth,1936771,https://api.github.com/repos/google/truth,2467
121,xerial/sqlite-jdbc,22684655,https://api.github.com/repos/xerial/sqlite-jdbc,2094
122,stefanbirkner/system-rules,2878641,https://api.github.com/repos/stefanbirkner/system-rules,524
123,wiremock/wiremock,2544305,https://api.github.com/repos/wiremock/wiremock,5037
124,FasterXML/jackson-datatype-joda,2358108,https://api.github.com/repos/FasterXML/jackson-datatype-joda,130
125,unicode-org/icu,49244766,https://api.github.com/repos/unicode-org/icu,1576
126,eclipse-ee4j/jaxb-ri,148362172,https://api.github.com/repos/eclipse-ee4j/jaxb-ri,144
127,codecentric/spring-boot-admin,22254856,https://api.github.com/repos/codecentric/spring-boot-admin,10941
128,square/picasso,10057936,https://api.github.com/repos/square/picasso,18301
129,tensorflow/tensorflow,45717250,https://api.github.com/repos/tensorflow/tensorflow,165872
130,spring-cloud/spring-cloud-netflix,21741891,https://api.github.com/repos/spring-cloud/spring-cloud-netflix,4587
131,aliyun/aliyun-openapi-java-sdk,39555898,https://api.github.com/repos/aliyun/aliyun-openapi-java-sdk,1298
132,google/error-prone,23206290,https://api.github.com/repos/google/error-prone,5990
133,skyscreamer/JSONassert,3329435,https://api.github.com/repos/skyscreamer/JSONassert,868
134,ronmamo/reflections,9476938,https://api.github.com/repos/ronmamo/reflections,4157
135,apache/spark,17165658,https://api.github.com/repos/apache/spark,33202
136,spotbugs/spotbugs,72889410,https://api.github.com/repos/spotbugs/spotbugs,2739
137,apache/maven-plugin-tools,206635,https://api.github.com/repos/apache/maven-plugin-tools,38
138,jqno/equalsverifier,33067279,https://api.github.com/repos/jqno/equalsverifier,577
139,mybatis/generator,8121707,https://api.github.com/repos/mybatis/generator,4945
140,milessabin/shapeless,3006066,https://api.github.com/repos/milessabin/shapeless,3253
141,datastax/java-driver,6765281,https://api.github.com/repos/datastax/java-driver,1250
142,javaee/servlet-spec,89443483,https://api.github.com/repos/javaee/servlet-spec,240
143,mcxiaoke/android-volley,10188673,https://api.github.com/repos/mcxiaoke/android-volley,4338
144,spring-cloud/spring-cloud-build,24838496,https://api.github.com/repos/spring-cloud/spring-cloud-build,148
145,javaee/javamail,89412712,https://api.github.com/repos/javaee/javamail,537
146,jacoco/jacoco,4950187,https://api.github.com/repos/jacoco/jacoco,3265
147,liferay/liferay-portal,317887,https://api.github.com/repos/liferay/liferay-portal,1875
148,spring-projects/spring-data-build,7469974,https://api.github.com/repos/spring-projects/spring-data-build,73
149,pingidentity/ldapsdk,36765127,https://api.github.com/repos/pingidentity/ldapsdk,256
150,fusesource/jansi,298328,https://api.github.com/repos/fusesource/jansi,917
151,lodash/lodash,3955647,https://api.github.com/repos/lodash/lodash,53511
152,findbugsproject/findbugs,39406013,https://api.github.com/repos/findbugsproject/findbugs,711
153,webjars/bootstrap,5977729,https://api.github.com/repos/webjars/bootstrap,40
154,jruby/jruby,168370,https://api.github.com/repos/jruby/jruby,3611
155,TooTallNate/Java-WebSocket,481412,https://api.github.com/repos/TooTallNate/Java-WebSocket,9107
156,fabric8io/kubernetes-client,38829639,https://api.github.com/repos/fabric8io/kubernetes-client,2498
157,cucumber/cucumber-jvm,1962219,https://api.github.com/repos/cucumber/cucumber-jvm,2465
158,keycloak/keycloak,11125589,https://api.github.com/repos/keycloak/keycloak,12660
159,pmd/pmd,4992906,https://api.github.com/repos/pmd/pmd,3889
160,codehaus-plexus/plexus-utils,29923817,https://api.github.com/repos/codehaus-plexus/plexus-utils,23
161,FasterXML/jackson-module-scala,1123727,https://api.github.com/repos/FasterXML/jackson-module-scala,463
162,googleapis/google-http-java-client,28992330,https://api.github.com/repos/googleapis/google-http-java-client,1240
163,remkop/picocli,80640282,https://api.github.com/repos/remkop/picocli,3592
164,xerial/snappy-java,5695907,https://api.github.com/repos/xerial/snappy-java,897
165,typetools/checker-framework,38488726,https://api.github.com/repos/typetools/checker-framework,829
166,rest-assured/rest-assured,1011539,https://api.github.com/repos/rest-assured/rest-assured,5909
167,javaee/glassfish,88831074,https://api.github.com/repos/javaee/glassfish,748
168,thymeleaf/thymeleaf-spring,4399506,https://api.github.com/repos/thymeleaf/thymeleaf-spring,400
169,itext/itextpdf,14892248,https://api.github.com/repos/itext/itextpdf,1372
170,zxing/zxing,2562751,https://api.github.com/repos/zxing/zxing,29733
171,drewnoakes/metadata-extractor,26836459,https://api.github.com/repos/drewnoakes/metadata-extractor,2069
172,bndtools/bnd,606956,https://api.github.com/repos/bndtools/bnd,471
173,HtmlUnit/htmlunit,147069989,https://api.github.com/repos/HtmlUnit/htmlunit,567
174,bonigarcia/webdrivermanager,32280638,https://api.github.com/repos/bonigarcia/webdrivermanager,1987
175,lightbend/scala-logging,11459398,https://api.github.com/repos/lightbend/scala-logging,872
176,OpenFeign/feign,10981994,https://api.github.com/repos/OpenFeign/feign,8116
177,apache/maven-apache-parent,109480449,https://api.github.com/repos/apache/maven-apache-parent,19
178,dnsjava/dnsjava,17084567,https://api.github.com/repos/dnsjava/dnsjava,656
179,jettison-json/jettison,33880730,https://api.github.com/repos/jettison-json/jettison,33
180,micrometer-metrics/micrometer,87859908,https://api.github.com/repos/micrometer-metrics/micrometer,3439
181,facebook/react,10270250,https://api.github.com/repos/facebook/react,190177
182,rhuss/jolokia,777444,https://api.github.com/repos/rhuss/jolokia,746
183,rometools/rome,13040953,https://api.github.com/repos/rometools/rome,798
184,immutables/immutables,11233996,https://api.github.com/repos/immutables/immutables,3123
185,jline/jline3,60111626,https://api.github.com/repos/jline/jline3,1068
186,hibernate/hibernate-jpa-api,4435558,https://api.github.com/repos/hibernate/hibernate-jpa-api,33
187,dom4j/dom4j,38423426,https://api.github.com/repos/dom4j/dom4j,806
188,scalaz/scalaz,474633,https://api.github.com/repos/scalaz/scalaz,4544
189,redisson/redisson,15823460,https://api.github.com/repos/redisson/redisson,19229
190,zio/zio,134079884,https://api.github.com/repos/zio/zio,3407
191,googleapis/google-oauth-java-client,25881471,https://api.github.com/repos/googleapis/google-oauth-java-client,564
192,angular/angular,24195339,https://api.github.com/repos/angular/angular,82093
193,lampepfl/dotty,7035651,https://api.github.com/repos/lampepfl/dotty,4996
194,neo4j/neo4j,6650539,https://api.github.com/repos/neo4j/neo4j,10142
195,bcgit/bc-java,10416648,https://api.github.com/repos/bcgit/bc-java,1697
196,FasterXML/jackson-datatypes-collections,50007393,https://api.github.com/repos/FasterXML/jackson-datatypes-collections,63
197,eclipse-ee4j/eclipselink,124586660,https://api.github.com/repos/eclipse-ee4j/eclipselink,133
198,javaee/javaee-jsp-api,89322584,https://api.github.com/repos/javaee/javaee-jsp-api,19
199,webjars/jquery,5763804,https://api.github.com/repos/webjars/jquery,21
200,osgi/osgi,255701604,https://api.github.com/repos/osgi/osgi,51
201,spring-projects/spring-data-jpa,1072845,https://api.github.com/repos/spring-projects/spring-data-jpa,2384
202,web3j/web3j,67328052,https://api.github.com/repos/web3j/web3j,4064
203,apache/pulsar,62117812,https://api.github.com/repos/apache/pulsar,11031
204,akka/akka-http,66077955,https://api.github.com/repos/akka/akka-http,1287
205,scala/scala-xml,11486644,https://api.github.com/repos/scala/scala-xml,259
206,perwendel/spark,1705960,https://api.github.com/repos/perwendel/spark,9309
207,apache/arrow,51905353,https://api.github.com/repos/apache/arrow,9686
208,FasterXML/jackson-dataformats-binary,57942251,https://api.github.com/repos/FasterXML/jackson-dataformats-binary,268
209,spring-projects/spring-retry,1187608,https://api.github.com/repos/spring-projects/spring-retry,1745
210,antlr/antlr3,3369669,https://api.github.com/repos/antlr/antlr3,229
211,damianszczepanik/cucumber-reporting,4916824,https://api.github.com/repos/damianszczepanik/cucumber-reporting,490
212,ReactiveX/RxJava,7508411,https://api.github.com/repos/ReactiveX/RxJava,46163
213,FasterXML/jackson-jaxrs-providers,6085215,https://api.github.com/repos/FasterXML/jackson-jaxrs-providers,100
214,knowm/XChange,3333998,https://api.github.com/repos/knowm/XChange,3502
215,jknack/handlebars.java,4459604,https://api.github.com/repos/jknack/handlebars.java,1303
216,prometheus/client_java,7997879,https://api.github.com/repos/prometheus/client_java,1765
217,apache/flink,20587599,https://api.github.com/repos/apache/flink,19156
218,pagehelper/Mybatis-PageHelper,20651672,https://api.github.com/repos/pagehelper/Mybatis-PageHelper,11191
219,auth0/java-jwt,17517521,https://api.github.com/repos/auth0/java-jwt,4778
220,apache/rocketmq,75164823,https://api.github.com/repos/apache/rocketmq,17443
221,android-async-http/android-async-http,1388245,https://api.github.com/repos/android-async-http/android-async-http,10650
222,JodaOrg/joda-convert,1729070,https://api.github.com/repos/JodaOrg/joda-convert,81
223,ehcache/ehcache3,17224514,https://api.github.com/repos/ehcache/ehcache3,1793
224,spring-cloud/spring-cloud-config,20811348,https://api.github.com/repos/spring-cloud/spring-cloud-config,1803
225,apache/struts,15928650,https://api.github.com/repos/apache/struts,1147
226,moment/moment,1424470,https://api.github.com/repos/moment/moment,46601
227,checkstyle/checkstyle,12499251,https://api.github.com/repos/checkstyle/checkstyle,7121
228,hunterhacker/jdom,2134055,https://api.github.com/repos/hunterhacker/jdom,322
229,apache/httpcomponents-core,206398,https://api.github.com/repos/apache/httpcomponents-core,289
230,undertow-io/undertow,5103785,https://api.github.com/repos/undertow-io/undertow,3150
231,jmock-developers/jmock-library,961799,https://api.github.com/repos/jmock-developers/jmock-library,126
232,jOOQ/jOOL,17339218,https://api.github.com/repos/jOOQ/jOOL,1930
233,google/compile-testing,12390121,https://api.github.com/repos/google/compile-testing,618
234,scribejava/scribejava,889932,https://api.github.com/repos/scribejava/scribejava,5262
235,spring-projects/spring-data-redis,1983092,https://api.github.com/repos/spring-projects/spring-data-redis,1459
236,cucumber-attic/gherkin,17832726,https://api.github.com/repos/cucumber-attic/gherkin,258
237,square/dagger,5279091,https://api.github.com/repos/square/dagger,7283
238,weibocom/motan,56679521,https://api.github.com/repos/weibocom/motan,5768
239,LWJGL/lwjgl3,7296244,https://api.github.com/repos/LWJGL/lwjgl3,3815
240,aws/aws-lambda-java-libs,35844242,https://api.github.com/repos/aws/aws-lambda-java-libs,412
241,javaee/uel-ri,89231781,https://api.github.com/repos/javaee/uel-ri,13
242,mock-server/mockserver,8426406,https://api.github.com/repos/mock-server/mockserver,3715
243,json4s/json4s,5533742,https://api.github.com/repos/json4s/json4s,1409
244,jboss/cxf,23365164,https://api.github.com/repos/jboss/cxf,3
245,square/leakcanary,34824499,https://api.github.com/repos/square/leakcanary,27613
246,googleapis/api-common-java,69636039,https://api.github.com/repos/googleapis/api-common-java,21
247,ktorio/ktor,40136600,https://api.github.com/repos/ktorio/ktor,9980
248,apache/parquet-mr,20675636,https://api.github.com/repos/apache/parquet-mr,1580
249,infinispan/infinispan,1050944,https://api.github.com/repos/infinispan/infinispan,968
250,vaadin/framework,6293402,https://api.github.com/repos/vaadin/framework,1725
251,Atmosphere/atmosphere,749137,https://api.github.com/repos/Atmosphere/atmosphere,3572
252,spring-cloud/spring-cloud-openfeign,120363922,https://api.github.com/repos/spring-cloud/spring-cloud-openfeign,819
253,baomidou/mybatis-plus,65987043,https://api.github.com/repos/baomidou/mybatis-plus,13073
254,RoaringBitmap/RoaringBitmap,10746583,https://api.github.com/repos/RoaringBitmap/RoaringBitmap,2649
255,appium/java-client,18454064,https://api.github.com/repos/appium/java-client,992
256,sendgrid/sendgrid-java,12328480,https://api.github.com/repos/sendgrid/sendgrid-java,427
257,google/closure-compiler,18845024,https://api.github.com/repos/google/closure-compiler,6491
258,JetBrains/intellij-community,2489216,https://api.github.com/repos/JetBrains/intellij-community,13844
259,mojohaus/animal-sniffer,35697158,https://api.github.com/repos/mojohaus/animal-sniffer,69
260,scribejava/scribejava,889932,https://api.github.com/repos/scribejava/scribejava,5262
261,jgrapht/jgrapht,3969325,https://api.github.com/repos/jgrapht/jgrapht,2141
262,kotest/kotest,47071082,https://api.github.com/repos/kotest/kotest,3517
263,hazelcast/hazelcast,3786237,https://api.github.com/repos/hazelcast/hazelcast,4898
264,apache/dubbo,4710920,https://api.github.com/repos/apache/dubbo,37442
265,jquery/jquery-dist,28825109,https://api.github.com/repos/jquery/jquery-dist,100
266,mockito/mockito-kotlin,49904224,https://api.github.com/repos/mockito/mockito-kotlin,2881
267,springtestdbunit/spring-test-dbunit,1161647,https://api.github.com/repos/springtestdbunit/spring-test-dbunit,469
268,square/otto,4812336,https://api.github.com/repos/square/otto,5197
269,modelmapper/modelmapper,1020601,https://api.github.com/repos/modelmapper/modelmapper,2008
270,siddhi-io/siddhi,18988631,https://api.github.com/repos/siddhi-io/siddhi,1344
271,ultraq/thymeleaf-layout-dialect,4460904,https://api.github.com/repos/ultraq/thymeleaf-layout-dialect,661
272,TIBCOSoftware/jasperreports,67412430,https://api.github.com/repos/TIBCOSoftware/jasperreports,682
273,srikanth-lingala/zip4j,184887172,https://api.github.com/repos/srikanth-lingala/zip4j,1392
274,protostuff/protostuff,16058167,https://api.github.com/repos/protostuff/protostuff,1812
275,apache/avro,206459,https://api.github.com/repos/apache/avro,2158
276,greenmail-mail-test/greenmail,24499046,https://api.github.com/repos/greenmail-mail-test/greenmail,496
277,vavr-io/vavr,16378879,https://api.github.com/repos/vavr-io/vavr,4864
278,spring-attic/spring-security-oauth,2108481,https://api.github.com/repos/spring-attic/spring-security-oauth,4584
279,Polymer/polymer,5532320,https://api.github.com/repos/Polymer/polymer,21793
280,orientechnologies/orientdb,7083240,https://api.github.com/repos/orientechnologies/orientdb,4467
281,jakartaee/validation,948148,https://api.github.com/repos/jakartaee/validation,83
282,OpenAPITools/openapi-generator,133134007,https://api.github.com/repos/OpenAPITools/openapi-generator,12617
283,alibaba/nacos,137451403,https://api.github.com/repos/alibaba/nacos,22891
284,netty/netty-tcnative,19016985,https://api.github.com/repos/netty/netty-tcnative,211
285,mapstruct/mapstruct,4470435,https://api.github.com/repos/mapstruct/mapstruct,5332
286,ical4j/ical4j,12554522,https://api.github.com/repos/ical4j/ical4j,593
287,dromara/hutool,18723836,https://api.github.com/repos/dromara/hutool,23133
288,apache/opennlp,2740148,https://api.github.com/repos/apache/opennlp,1112
289,nostra13/Android-Universal-Image-Loader,2862290,https://api.github.com/repos/nostra13/Android-Universal-Image-Loader,16804
290,resilience4j/resilience4j,36793280,https://api.github.com/repos/resilience4j/resilience4j,8083
291,primefaces/primefaces,33770699,https://api.github.com/repos/primefaces/primefaces,1487
292,awslabs/amazon-kinesis-client,14212940,https://api.github.com/repos/awslabs/amazon-kinesis-client,590
293,uniVocity/univocity-parsers,21759652,https://api.github.com/repos/uniVocity/univocity-parsers,836
294,oblac/jodd,5722043,https://api.github.com/repos/oblac/jodd,3902
295,apache/maven-wagon,205417,https://api.github.com/repos/apache/maven-wagon,42
296,maxmind/GeoIP2-java,9156682,https://api.github.com/repos/maxmind/GeoIP2-java,646
297,apache/jmeter,688352,https://api.github.com/repos/apache/jmeter,6228
298,serenity-bdd/serenity-core,26201720,https://api.github.com/repos/serenity-bdd/serenity-core,633
299,docker-java/docker-java,20415251,https://api.github.com/repos/docker-java/docker-java,2311
300,ReactiveX/rxjs,32247847,https://api.github.com/repos/ReactiveX/rxjs,27182
301,swagger-api/swagger-codegen,2006876,https://api.github.com/repos/swagger-api/swagger-codegen,14527
302,babel/babel,24560307,https://api.github.com/repos/babel/babel,40992
303,Netflix/Hystrix,6766558,https://api.github.com/repos/Netflix/Hystrix,22720
304,paul-hammant/paranamer,710933,https://api.github.com/repos/paul-hammant/paranamer,225
305,jOOQ/jOOQ,1625986,https://api.github.com/repos/jOOQ/jOOQ,4968
306,arrow-kt/arrow,86057409,https://api.github.com/repos/arrow-kt/arrow,5082
307,square/kotlinpoet,83513404,https://api.github.com/repos/square/kotlinpoet,3213
308,kiegroup/drools,1381673,https://api.github.com/repos/kiegroup/drools,4469
309,DefinitelyTyped/DefinitelyTyped,6093316,https://api.github.com/repos/DefinitelyTyped/DefinitelyTyped,39616
310,playframework/playframework,2340549,https://api.github.com/repos/playframework/playframework,12142
311,Alluxio/alluxio,7276954,https://api.github.com/repos/Alluxio/alluxio,5699
312,aws-amplify/aws-sdk-android,21634100,https://api.github.com/repos/aws-amplify/aws-sdk-android,930
313,mariadb-corporation/mariadb-connector-j,30072532,https://api.github.com/repos/mariadb-corporation/mariadb-connector-j,275
314,webjars/swagger-ui,17548687,https://api.github.com/repos/webjars/swagger-ui,41
315,facebook/fresco,31533997,https://api.github.com/repos/facebook/fresco,16802
316,ralfstx/minimal-json,8312414,https://api.github.com/repos/ralfstx/minimal-json,713
317,angular/bower-angular,5750827,https://api.github.com/repos/angular/bower-angular,222
318,scala/scala-java8-compat,17640444,https://api.github.com/repos/scala/scala-java8-compat,435
319,OpenFeign/feign,10981994,https://api.github.com/repos/OpenFeign/feign,8116
320,codehaus-plexus/plexus-containers,29924220,https://api.github.com/repos/codehaus-plexus/plexus-containers,7
321,jfree/jfreechart,50873393,https://api.github.com/repos/jfree/jfreechart,848
322,igniterealtime/Smack,16477702,https://api.github.com/repos/igniterealtime/Smack,2301
323,thymeleaf/thymeleaf,4385294,https://api.github.com/repos/thymeleaf/thymeleaf,2332
324,ESAPI/esapi-java-legacy,23857463,https://api.github.com/repos/ESAPI/esapi-java-legacy,497
325,mattbertolini/liquibase-slf4j,3935780,https://api.github.com/repos/mattbertolini/liquibase-slf4j,40
326,NanoHttpd/nanohttpd,5374914,https://api.github.com/repos/NanoHttpd/nanohttpd,6329
327,hdodenhof/CircleImageView,16005410,https://api.github.com/repos/hdodenhof/CircleImageView,14226
328,joelittlejohn/jsonschema2pojo,10873724,https://api.github.com/repos/joelittlejohn/jsonschema2pojo,5774
329,facebook/rocksdb,6934395,https://api.github.com/repos/facebook/rocksdb,22862
330,alibaba/easyexcel,120395176,https://api.github.com/repos/alibaba/easyexcel,23908
331,spring-cloud/spring-cloud-consul,27404315,https://api.github.com/repos/spring-cloud/spring-cloud-consul,745
332,JetBrains/java-annotations,121721945,https://api.github.com/repos/JetBrains/java-annotations,277
333,jopt-simple/jopt-simple,1584506,https://api.github.com/repos/jopt-simple/jopt-simple,320
334,google/libphonenumber,27500243,https://api.github.com/repos/google/libphonenumber,13890
335,codehaus-plexus/plexus-archiver,29922918,https://api.github.com/repos/codehaus-plexus/plexus-archiver,37
336,openjdk/jfx,185199202,https://api.github.com/repos/openjdk/jfx,1736
337,SonarSource/sonarqube,1222504,https://api.github.com/repos/SonarSource/sonarqube,6901
338,apache/dubbo,4710920,https://api.github.com/repos/apache/dubbo,37442
339,sirthias/pegdown,639740,https://api.github.com/repos/sirthias/pegdown,1281
340,fakemongo/fongo,14143348,https://api.github.com/repos/fakemongo/fongo,513
341,JakeWharton/DiskLruCache,3106696,https://api.github.com/repos/JakeWharton/DiskLruCache,5678
342,ReactiveX/RxKotlin,23095938,https://api.github.com/repos/ReactiveX/RxKotlin,6863
343,arquillian/arquillian-core,1581656,https://api.github.com/repos/arquillian/arquillian-core,330
344,apereo/java-cas-client,3645037,https://api.github.com/repos/apereo/java-cas-client,804
345,typelevel/scalacheck,1804055,https://api.github.com/repos/typelevel/scalacheck,1817
346,lalyos/jfiglet,14125000,https://api.github.com/repos/lalyos/jfiglet,106
347,controlsfx/controlsfx,162236965,https://api.github.com/repos/controlsfx/controlsfx,1186
348,socketio/socket.io-client-java,9733123,https://api.github.com/repos/socketio/socket.io-client-java,4939
349,knowm/XChange,3333998,https://api.github.com/repos/knowm/XChange,3502
350,camunda/camunda-bpm-platform,7420937,https://api.github.com/repos/camunda/camunda-bpm-platform,2721
351,square/wire,12274147,https://api.github.com/repos/square/wire,3772
352,apolloconfig/apollo,53127403,https://api.github.com/repos/apolloconfig/apollo,26895
353,angular/angular.js,460078,https://api.github.com/repos/angular/angular.js,59431
354,FasterXML/jackson-bom,69940348,https://api.github.com/repos/FasterXML/jackson-bom,39
355,google/j2objc,16389681,https://api.github.com/repos/google/j2objc,5882
356,jboss-logging/jboss-logging,1862488,https://api.github.com/repos/jboss-logging/jboss-logging,26
357,openzipkin/zipkin,4576305,https://api.github.com/repos/openzipkin/zipkin,15463
358,xmlunit/xmlunit,27721932,https://api.github.com/repos/xmlunit/xmlunit,266
359,ryantenney/metrics-spring,4575927,https://api.github.com/repos/ryantenney/metrics-spring,708
360,eclipse/eclipse-collections,46803767,https://api.github.com/repos/eclipse/eclipse-collections,1988
361,addthis/stream-lib,1483979,https://api.github.com/repos/addthis/stream-lib,2228
362,fusesource/leveldbjni,2134191,https://api.github.com/repos/fusesource/leveldbjni,517
363,spring-projects/spring-restdocs,24940450,https://api.github.com/repos/spring-projects/spring-restdocs,1051
364,jaegertracing/jaeger-client-java,56551000,https://api.github.com/repos/jaegertracing/jaeger-client-java,486
365,hrldcpr/pcollections,17937004,https://api.github.com/repos/hrldcpr/pcollections,693
366,javamonkey/beetl2.0,12578911,https://api.github.com/repos/javamonkey/beetl2.0,415
367,coobird/thumbnailator,39673913,https://api.github.com/repos/coobird/thumbnailator,4191
368,eclipse/deeplearning4j,14734876,https://api.github.com/repos/eclipse/deeplearning4j,12506
369,jmrozanec/cron-utils,22745381,https://api.github.com/repos/jmrozanec/cron-utils,887
370,census-instrumentation/opencensus-java,64431348,https://api.github.com/repos/census-instrumentation/opencensus-java,662
371,languagetool-org/languagetool,11981144,https://api.github.com/repos/languagetool-org/languagetool,6700
372,twitter/finagle,1007362,https://api.github.com/repos/twitter/finagle,8274
373,wiremock/wiremock,2544305,https://api.github.com/repos/wiremock/wiremock,5037
374,pac4j/pac4j,3291848,https://api.github.com/repos/pac4j/pac4j,2154
375,d3/d3,943149,https://api.github.com/repos/d3/d3,101588
376,kevinsawicki/http-request,2622727,https://api.github.com/repos/kevinsawicki/http-request,3279
377,spring-projects/spring-amqp,1088796,https://api.github.com/repos/spring-projects/spring-amqp,726
378,yomorun/hashids-java,18899208,https://api.github.com/repos/yomorun/hashids-java,912
379,SeleniumHQ/htmlunit-driver,51905729,https://api.github.com/repos/SeleniumHQ/htmlunit-driver,190
380,classgraph/classgraph,23050110,https://api.github.com/repos/classgraph/classgraph,2236
381,grails/grails-core,512295,https://api.github.com/repos/grails/grails-core,2674
382,googleapis/gax-java,50872805,https://api.github.com/repos/googleapis/gax-java,151
383,jdbi/jdbi,229738,https://api.github.com/repos/jdbi/jdbi,1651
384,micronaut-projects/micronaut-core,124230204,https://api.github.com/repos/micronaut-projects/micronaut-core,5365
385,weld/core,819907,https://api.github.com/repos/weld/core,344
386,circe/circe,40011080,https://api.github.com/repos/circe/circe,2300
387,bucket4j/bucket4j,25121397,https://api.github.com/repos/bucket4j/bucket4j,1503
388,googleapis/google-auth-library-java,30676648,https://api.github.com/repos/googleapis/google-auth-library-java,322
389,dromara/hutool,18723836,https://api.github.com/repos/dromara/hutool,23133
390,minio/minio-java,34966186,https://api.github.com/repos/minio/minio-java,685
391,reactor/reactor-netty,66030306,https://api.github.com/repos/reactor/reactor-netty,1978
392,etorreborre/specs2,884800,https://api.github.com/repos/etorreborre/specs2,721
393,ElemeFE/element,67274736,https://api.github.com/repos/ElemeFE/element,52257
394,jmockit/jmockit1,21611038,https://api.github.com/repos/jmockit/jmockit1,428
395,square/assertj-android,7672099,https://api.github.com/repos/square/assertj-android,1585
396,rholder/guava-retrying,5564847,https://api.github.com/repos/rholder/guava-retrying,1222
397,mttkay/signpost,363849,https://api.github.com/repos/mttkay/signpost,577
398,Netflix/governator,4941867,https://api.github.com/repos/Netflix/governator,806
399,bguerout/jongo,3019584,https://api.github.com/repos/bguerout/jongo,574
400,jblas-project/jblas,194897,https://api.github.com/repos/jblas-project/jblas,559
401,BoltsFramework/Bolts-Android,16368712,https://api.github.com/repos/BoltsFramework/Bolts-Android,3997
402,mikepenz/Android-Iconics,26061231,https://api.github.com/repos/mikepenz/Android-Iconics,4974
403,bitcoinj/bitcoinj,14514251,https://api.github.com/repos/bitcoinj/bitcoinj,4331
404,ops4j/org.ops4j.pax.exam2,1081991,https://api.github.com/repos/ops4j/org.ops4j.pax.exam2,81
405,bytedeco/javacpp,18992193,https://api.github.com/repos/bytedeco/javacpp,3859
406,apache/geode,34839383,https://api.github.com/repos/apache/geode,2108
407,extent-framework/extentreports-java,152520124,https://api.github.com/repos/extent-framework/extentreports-java,163
408,spring-projects/spring-data-cassandra,2183665,https://api.github.com/repos/spring-projects/spring-data-cassandra,333
409,lukas-krecan/JsonUnit,3296177,https://api.github.com/repos/lukas-krecan/JsonUnit,660
410,failsafe-lib/failsafe,38279457,https://api.github.com/repos/failsafe-lib/failsafe,3743
411,microsoft/mssql-jdbc,66311167,https://api.github.com/repos/microsoft/mssql-jdbc,894
412,sirthias/parboiled,327391,https://api.github.com/repos/sirthias/parboiled,1211
413,apache/activemq,206387,https://api.github.com/repos/apache/activemq,2050
414,google/flatbuffers,19953044,https://api.github.com/repos/google/flatbuffers,18069
415,querydsl/querydsl,2158982,https://api.github.com/repos/querydsl/querydsl,3838
416,googlemaps/google-maps-services-java,22978651,https://api.github.com/repos/googlemaps/google-maps-services-java,1531
417,spring-projects/spring-batch,1089149,https://api.github.com/repos/spring-projects/spring-batch,2120
418,spring-projects/spring-integration,2090979,https://api.github.com/repos/spring-projects/spring-integration,1288
419,apache/maven-surefire,832680,https://api.github.com/repos/apache/maven-surefire,356
420,typelevel/cats-effect,87653068,https://api.github.com/repos/typelevel/cats-effect,1559
421,apereo/cas,2352744,https://api.github.com/repos/apereo/cas,9528
422,zloirock/core-js,11481338,https://api.github.com/repos/zloirock/core-js,16907
423,googleapis/java-pubsub,203461480,https://api.github.com/repos/googleapis/java-pubsub,71
424,aws/aws-sdk-java-v2,95247959,https://api.github.com/repos/aws/aws-sdk-java-v2,1467
425,Azure/azure-sdk-for-java,2928948,https://api.github.com/repos/Azure/azure-sdk-for-java,1470
426,sbt/sbt,279553,https://api.github.com/repos/sbt/sbt,4517
427,rey5137/material,27764811,https://api.github.com/repos/rey5137/material,6046
428,TheCoder4eu/BootsFaces-OSP,24848102,https://api.github.com/repos/TheCoder4eu/BootsFaces-OSP,248
429,julman99/gson-fire,10576468,https://api.github.com/repos/julman99/gson-fire,219
430,apache/isis,6935442,https://api.github.com/repos/apache/isis,700
431,clojure/tools.logging,1468280,https://api.github.com/repos/clojure/tools.logging,357
432,kstyrc/embedded-redis,12059583,https://api.github.com/repos/kstyrc/embedded-redis,773
433,alexruiz/fest-assert-1.x,892301,https://api.github.com/repos/alexruiz/fest-assert-1.x,14
434,eclipse/paho.mqtt.java,48129824,https://api.github.com/repos/eclipse/paho.mqtt.java,1711
435,lettuce-io/lettuce-core,19641638,https://api.github.com/repos/lettuce-io/lettuce-core,4594
436,bobbylight/RSyntaxTextArea,11966919,https://api.github.com/repos/bobbylight/RSyntaxTextArea,891
437,ulisesbocchio/jasypt-spring-boot,36370530,https://api.github.com/repos/ulisesbocchio/jasypt-spring-boot,2156
438,mikepenz/MaterialDrawer,30120110,https://api.github.com/repos/mikepenz/MaterialDrawer,11541
439,koral--/android-gif-drawable,7905539,https://api.github.com/repos/koral--/android-gif-drawable,9112
440,GoogleCloudPlatform/appengine-java-standard,436425883,https://api.github.com/repos/GoogleCloudPlatform/appengine-java-standard,145
441,JCTools/JCTools,14281190,https://api.github.com/repos/JCTools/JCTools,2972
442,antlr/stringtemplate4,501689,https://api.github.com/repos/antlr/stringtemplate4,806
443,selenide/selenide,3376848,https://api.github.com/repos/selenide/selenide,1526
444,owlcs/owlapi,8249948,https://api.github.com/repos/owlcs/owlapi,671
445,spring-projects/spring-framework,1148753,https://api.github.com/repos/spring-projects/spring-framework,48182
446,apache/calcite,21193524,https://api.github.com/repos/apache/calcite,3156
447,debezium/debezium,50205233,https://api.github.com/repos/debezium/debezium,6946
448,FasterXML/jackson-datatype-hibernate,1118081,https://api.github.com/repos/FasterXML/jackson-datatype-hibernate,284
449,networknt/json-schema-validator,68291529,https://api.github.com/repos/networknt/json-schema-validator,473
450,jankotek/mapdb,5453989,https://api.github.com/repos/jankotek/mapdb,4524
451,spring-projects/spring-webflow,3059640,https://api.github.com/repos/spring-projects/spring-webflow,283
452,Twitter4J/Twitter4J,184604,https://api.github.com/repos/Twitter4J/Twitter4J,2648
453,spring-projects/spring-shell,3456296,https://api.github.com/repos/spring-projects/spring-shell,555
454,koush/ion,10214538,https://api.github.com/repos/koush/ion,6306
455,spring-projects/spring-data-solr,5748636,https://api.github.com/repos/spring-projects/spring-data-solr,383
456,java-json-tools/json-schema-validator,1963085,https://api.github.com/repos/java-json-tools/json-schema-validator,1507
457,codeborne/ghostdriver,56406366,https://api.github.com/repos/codeborne/ghostdriver,53
458,detro/ghostdriver,3790293,https://api.github.com/repos/detro/ghostdriver,1918
459,Pragmatists/JUnitParams,22336000,https://api.github.com/repos/Pragmatists/JUnitParams,861
460,scalanlp/breeze,246644,https://api.github.com/repos/scalanlp/breeze,3348
461,knowm/XChart,2078882,https://api.github.com/repos/knowm/XChart,1281
462,arquillian/arquillian-graphene,1337781,https://api.github.com/repos/arquillian/arquillian-graphene,91
463,zeroturnaround/zt-zip,2828642,https://api.github.com/repos/zeroturnaround/zt-zip,1322
464,TNG/junit-dataprovider,8175611,https://api.github.com/repos/TNG/junit-dataprovider,234
465,JakeWharton/ThreeTenABP,38503932,https://api.github.com/repos/JakeWharton/ThreeTenABP,3501
466,Activiti/Activiti,5793738,https://api.github.com/repos/Activiti/Activiti,8634
467,Netflix/eureka,5198041,https://api.github.com/repos/Netflix/eureka,11322
468,scala/scala-collection-compat,125521135,https://api.github.com/repos/scala/scala-collection-compat,176
469,spring-projects/spring-statemachine,30310864,https://api.github.com/repos/spring-projects/spring-statemachine,1279
470,datanucleus/datanucleus-api-jdo,15055714,https://api.github.com/repos/datanucleus/datanucleus-api-jdo,16
471,oshi/oshi,3407114,https://api.github.com/repos/oshi/oshi,3195
472,datanucleus/datanucleus-core,15055689,https://api.github.com/repos/datanucleus/datanucleus-core,109
473,square/javapoet,7961991,https://api.github.com/repos/square/javapoet,9654
474,Kong/unirest-java,1601209,https://api.github.com/repos/Kong/unirest-java,2300
475,spring-projects/spring-session,21052744,https://api.github.com/repos/spring-projects/spring-session,1719
476,neo4j/neo4j-ogm,24224646,https://api.github.com/repos/neo4j/neo4j-ogm,289
477,asciidoctor/asciidoctorj,8862411,https://api.github.com/repos/asciidoctor/asciidoctorj,553
478,junit-pioneer/junit-pioneer,74067006,https://api.github.com/repos/junit-pioneer/junit-pioneer,318
479,javaee/jaxb-spec,90940348,https://api.github.com/repos/javaee/jaxb-spec,7
480,FasterXML/java-classmate,935336,https://api.github.com/repos/FasterXML/java-classmate,236
481,reactor/reactor,9609018,https://api.github.com/repos/reactor/reactor,3396
482,alexruiz/fest-assert-2.x,892805,https://api.github.com/repos/alexruiz/fest-assert-2.x,397
483,puniverse/quasar,9056142,https://api.github.com/repos/puniverse/quasar,4421
484,wasabeef/recyclerview-animators,28340997,https://api.github.com/repos/wasabeef/recyclerview-animators,11054
485,codahale/metrics,23262449,https://api.github.com/repos/codahale/metrics,451
486,DozerMapper/dozer,3250434,https://api.github.com/repos/DozerMapper/dozer,1968
487,locationtech/jts,50370190,https://api.github.com/repos/locationtech/jts,1358
488,Karumi/Dexter,46348026,https://api.github.com/repos/Karumi/Dexter,5163
489,vdurmont/emoji-java,24297039,https://api.github.com/repos/vdurmont/emoji-java,2395
490,super-csv/super-csv,26958185,https://api.github.com/repos/super-csv/super-csv,484
491,apache/mina-sshd,688360,https://api.github.com/repos/apache/mina-sshd,544
492,randomizedtesting/randomizedtesting,2529486,https://api.github.com/repos/randomizedtesting/randomizedtesting,164
493,apereo/person-directory,3720150,https://api.github.com/repos/apereo/person-directory,25
494,belaban/JGroups,1059430,https://api.github.com/repos/belaban/JGroups,905
495,javers/javers,15071115,https://api.github.com/repos/javers/javers,903
496,JSQLParser/JSqlParser,1944709,https://api.github.com/repos/JSQLParser/JSqlParser,3735
497,material-components/material-components-web,75642389,https://api.github.com/repos/material-components/material-components-web,16257
498,RuedigerMoeller/fast-serialization,14965048,https://api.github.com/repos/RuedigerMoeller/fast-serialization,1458
499,wso2/msf4j,42847560,https://api.github.com/repos/wso2/msf4j,354
500,google/google-java-format,35448780,https://api.github.com/repos/google/google-java-format,4511
501,spring-projects/spring-hateoas,4250855,https://api.github.com/repos/spring-projects/spring-hateoas,981
502,spring-projects/spring-data-elasticsearch,9749905,https://api.github.com/repos/spring-projects/spring-data-elasticsearch,2646
503,gatling/gatling,1826128,https://api.github.com/repos/gatling/gatling,5547
504,vuejs/core,137078487,https://api.github.com/repos/vuejs/core,30794
505,ocpsoft/prettytime,1164974,https://api.github.com/repos/ocpsoft/prettytime,1214
506,spring-cloud/spring-cloud-stream,38764029,https://api.github.com/repos/spring-cloud/spring-cloud-stream,803
507,kamon-io/Kamon,9843572,https://api.github.com/repos/kamon-io/Kamon,1340
508,scoverage/scalac-scoverage-plugin,14709196,https://api.github.com/repos/scoverage/scalac-scoverage-plugin,388
509,firebase/firebase-admin-java,84979119,https://api.github.com/repos/firebase/firebase-admin-java,414
510,eclipse-ee4j/jaxb-istack-commons,146578832,https://api.github.com/repos/eclipse-ee4j/jaxb-istack-commons,9
511,netplex/json-smart-v2,20321688,https://api.github.com/repos/netplex/json-smart-v2,120
512,openzipkin/brave,9278888,https://api.github.com/repos/openzipkin/brave,2173
513,apache/tika,206427,https://api.github.com/repos/apache/tika,1446
514,neo4j/neo4j-java-driver,34007506,https://api.github.com/repos/neo4j/neo4j-java-driver,277
515,johncarl81/parceler,11140459,https://api.github.com/repos/johncarl81/parceler,3579
516,castorflex/SmoothProgressBar,14758329,https://api.github.com/repos/castorflex/SmoothProgressBar,4426
517,Azure/azure-storage-java,13809004,https://api.github.com/repos/Azure/azure-storage-java,187
518,OWASP/owasp-java-encoder,33094979,https://api.github.com/repos/OWASP/owasp-java-encoder,406
519,greenrobot/greenDAO,2626751,https://api.github.com/repos/greenrobot/greenDAO,12534
520,google/caliper,35890978,https://api.github.com/repos/google/caliper,763
521,eclipse-ee4j/tyrus,117292444,https://api.github.com/repos/eclipse-ee4j/tyrus,87
522,zeromq/jeromq,5257374,https://api.github.com/repos/zeromq/jeromq,2125
523,Kotlin/kotlinx.serialization,97827246,https://api.github.com/repos/Kotlin/kotlinx.serialization,3935
524,tototoshi/scala-csv,3662124,https://api.github.com/repos/tototoshi/scala-csv,644
525,wso2/carbon-identity-framework,52329722,https://api.github.com/repos/wso2/carbon-identity-framework,57
526,java-native-access/jna,1680733,https://api.github.com/repos/java-native-access/jna,7192
527,nscala-time/nscala-time,7033138,https://api.github.com/repos/nscala-time/nscala-time,864
528,jkuhnert/ognl,443158,https://api.github.com/repos/jkuhnert/ognl,169
529,ning/compress,770901,https://api.github.com/repos/ning/compress,242
530,com-lihaoyi/fastparse,27296168,https://api.github.com/repos/com-lihaoyi/fastparse,994
531,amaembo/streamex,33740196,https://api.github.com/repos/amaembo/streamex,1894
532,j256/ormlite-core,8654828,https://api.github.com/repos/j256/ormlite-core,526
533,FasterXML/woodstox,22525984,https://api.github.com/repos/FasterXML/woodstox,171
534,scopt/scopt,3757395,https://api.github.com/repos/scopt/scopt,1354
535,ninjaframework/ninja,4610430,https://api.github.com/repos/ninjaframework/ninja,1893
536,vsch/flexmark-java,50244301,https://api.github.com/repos/vsch/flexmark-java,1791
537,msgpack/msgpack-java,1971346,https://api.github.com/repos/msgpack/msgpack-java,1281
538,jpush/jpush-api-java-client,13585181,https://api.github.com/repos/jpush/jpush-api-java-client,682
539,jasypt/jasypt,174844400,https://api.github.com/repos/jasypt/jasypt,265
540,haraldk/TwelveMonkeys,296658,https://api.github.com/repos/haraldk/TwelveMonkeys,1457
541,scalate/scalate,490893,https://api.github.com/repos/scalate/scalate,589
542,rsocket/rsocket-java,38732107,https://api.github.com/repos/rsocket/rsocket-java,2165
543,gocd/gocd,15155534,https://api.github.com/repos/gocd/gocd,6482
544,spring-attic/spring-security-oauth,2108481,https://api.github.com/repos/spring-attic/spring-security-oauth,4584
545,lemire/javaewah,961417,https://api.github.com/repos/lemire/javaewah,510
546,twitter/util,1527969,https://api.github.com/repos/twitter/util,2531
547,debug-js/debug,2871998,https://api.github.com/repos/debug-js/debug,10201
548,abel533/Mapper,26956767,https://api.github.com/repos/abel533/Mapper,6872
549,apache/skywalking,45721011,https://api.github.com/repos/apache/skywalking,19597
550,alibaba/canal,7587038,https://api.github.com/repos/alibaba/canal,23320
551,jgthms/bulma,50264296,https://api.github.com/repos/jgthms/bulma,45680
552,FortAwesome/Font-Awesome,3470471,https://api.github.com/repos/FortAwesome/Font-Awesome,69544
553,Wechat-Group/WxJava,49122742,https://api.github.com/repos/Wechat-Group/WxJava,25608
554,eclipse-ee4j/ee4j,110024850,https://api.github.com/repos/eclipse-ee4j/ee4j,262
555,FasterXML/jackson-datatypes-misc,257044091,https://api.github.com/repos/FasterXML/jackson-datatypes-misc,13
556,vert-x3/vertx-ext-parent,27488204,https://api.github.com/repos/vert-x3/vertx-ext-parent,2
557,googleapis/java-core,203461766,https://api.github.com/repos/googleapis/java-core,17
558,carrotsearch/hppc,1397974,https://api.github.com/repos/carrotsearch/hppc,849
559,ota4j-team/opentest4j,47778018,https://api.github.com/repos/ota4j-team/opentest4j,235
560,LatencyUtils/LatencyUtils,13363907,https://api.github.com/repos/LatencyUtils/LatencyUtils,435
561,INRIA/spoon,14176513,https://api.github.com/repos/INRIA/spoon,1342
562,adminfaces/admin-template,78338732,https://api.github.com/repos/adminfaces/admin-template,190
563,alibaba/Sentinel,128018428,https://api.github.com/repos/alibaba/Sentinel,19314
564,acornjs/acorn,5932749,https://api.github.com/repos/acornjs/acorn,8427
565,apache/activemq-artemis,36057260,https://api.github.com/repos/apache/activemq-artemis,794
566,hibernate/hibernate-tools,1458461,https://api.github.com/repos/hibernate/hibernate-tools,262
567,cowtowncoder/java-uuid-generator,567634,https://api.github.com/repos/cowtowncoder/java-uuid-generator,514
568,PebbleTemplates/pebble,7334654,https://api.github.com/repos/PebbleTemplates/pebble,944
569,aNNiMON/Lightweight-Stream-API,28691699,https://api.github.com/repos/aNNiMON/Lightweight-Stream-API,1589
570,j-easy/easy-random,10144081,https://api.github.com/repos/j-easy/easy-random,1283
571,apache/ranger,22305416,https://api.github.com/repos/apache/ranger,625
572,sshahine/JFoenix,42115933,https://api.github.com/repos/sshahine/JFoenix,5925
573,p6spy/p6spy,1204125,https://api.github.com/repos/p6spy/p6spy,1677
574,orika-mapper/orika,7231999,https://api.github.com/repos/orika-mapper/orika,1177
575,mvel/mvel,1761998,https://api.github.com/repos/mvel/mvel,884
576,l0rdn1kk0n/wicket-bootstrap,3431492,https://api.github.com/repos/l0rdn1kk0n/wicket-bootstrap,286
577,thrau/jarchivelib,9078526,https://api.github.com/repos/thrau/jarchivelib,182
578,Netflix/ribbon,7616158,https://api.github.com/repos/Netflix/ribbon,4265
579,shrinkwrap/resolver,2106613,https://api.github.com/repos/shrinkwrap/resolver,134
580,OpenFeign/feign-form,57595846,https://api.github.com/repos/OpenFeign/feign-form,264
581,Netflix/archaius,4291387,https://api.github.com/repos/Netflix/archaius,2358
582,flyingsaucerproject/flyingsaucer,618681,https://api.github.com/repos/flyingsaucerproject/flyingsaucer,1711
583,lz4/lz4-java,5099453,https://api.github.com/repos/lz4/lz4-java,916
584,spray/spray,1525163,https://api.github.com/repos/spray/spray,2533
585,Turfjs/turf,13301038,https://api.github.com/repos/Turfjs/turf,7135
586,sqlcipher/android-database-sqlcipher,1466080,https://api.github.com/repos/sqlcipher/android-database-sqlcipher,2491
587,networknt/light-4j,67836637,https://api.github.com/repos/networknt/light-4j,3420
588,paul-hammant/qdox,35381883,https://api.github.com/repos/paul-hammant/qdox,307
589,highsource/jaxb2-basics,24514964,https://api.github.com/repos/highsource/jaxb2-basics,89
590,pinterest/ktlint,64293719,https://api.github.com/repos/pinterest/ktlint,4995
591,javacc/javacc,63746988,https://api.github.com/repos/javacc/javacc,870
592,apache/maven-resolver,68181694,https://api.github.com/repos/apache/maven-resolver,66
593,eclipse-ee4j/glassfish-hk2,146574601,https://api.github.com/repos/eclipse-ee4j/glassfish-hk2,47
594,FasterXML/aalto-xml,880546,https://api.github.com/repos/FasterXML/aalto-xml,263
595,select2/select2,3620194,https://api.github.com/repos/select2/select2,25349
596,FasterXML/jackson-module-jsonSchema,5429496,https://api.github.com/repos/FasterXML/jackson-module-jsonSchema,309
597,spring-cloud/spring-cloud-sleuth,31788540,https://api.github.com/repos/spring-cloud/spring-cloud-sleuth,1592
598,OWASP/java-html-sanitizer,34677782,https://api.github.com/repos/OWASP/java-html-sanitizer,711
599,yargs/yargs,14210523,https://api.github.com/repos/yargs/yargs,9786
600,MorphiaOrg/morphia,9677593,https://api.github.com/repos/MorphiaOrg/morphia,1561
601,assertj/assertj-guava,8782192,https://api.github.com/repos/assertj/assertj-guava,36
602,scalameta/scalameta,20903383,https://api.github.com/repos/scalameta/scalameta,978
603,handlebars-lang/handlebars.js,809601,https://api.github.com/repos/handlebars-lang/handlebars.js,16608
604,getsentry/sentry-java,3368190,https://api.github.com/repos/getsentry/sentry-java,834
605,rest-driver/rest-driver,1644585,https://api.github.com/repos/rest-driver/rest-driver,167
606,koush/AndroidAsync,5537121,https://api.github.com/repos/koush/AndroidAsync,7243
607,JakeWharton/RxBinding,32775739,https://api.github.com/repos/JakeWharton/RxBinding,9706
608,jclouds/jclouds,10040960,https://api.github.com/repos/jclouds/jclouds,383
609,belerweb/pinyin4j,9594425,https://api.github.com/repos/belerweb/pinyin4j,1053
610,parse-community/Parse-SDK-Android,40628209,https://api.github.com/repos/parse-community/Parse-SDK-Android,1837
611,eclipse-ee4j/grizzly,120756407,https://api.github.com/repos/eclipse-ee4j/grizzly,120
612,scallop/scallop,3801274,https://api.github.com/repos/scallop/scallop,631
613,Pi4J/pi4j-v2,192591631,https://api.github.com/repos/Pi4J/pi4j-v2,134
614,swaldman/c3p0,4312278,https://api.github.com/repos/swaldman/c3p0,1224
615,marschall/memoryfilesystem,7135155,https://api.github.com/repos/marschall/memoryfilesystem,215
616,FluentLenium/FluentLenium,2088736,https://api.github.com/repos/FluentLenium/FluentLenium,820
617,paulmillr/chokidar,4090287,https://api.github.com/repos/paulmillr/chokidar,9078
618,kordamp/ikonli,49275911,https://api.github.com/repos/kordamp/ikonli,394
619,ops4j/org.ops4j.pax.logging,1155836,https://api.github.com/repos/ops4j/org.ops4j.pax.logging,41
620,find-sec-bugs/find-sec-bugs,4354801,https://api.github.com/repos/find-sec-bugs/find-sec-bugs,1887
621,hierynomus/sshj,538681,https://api.github.com/repos/hierynomus/sshj,2127
622,opentable/otj-pg-embedded,23718011,https://api.github.com/repos/opentable/otj-pg-embedded,625
623,line/armeria,46251204,https://api.github.com/repos/line/armeria,3685
624,facebook/prop-types,87597642,https://api.github.com/repos/facebook/prop-types,4159
625,slick/slick,133684,https://api.github.com/repos/slick/slick,2529
626,bytedeco/javacv,18993814,https://api.github.com/repos/bytedeco/javacv,5975
627,jnr/jnr-ffi,1323052,https://api.github.com/repos/jnr/jnr-ffi,994
628,jnr/jffi,2095439,https://api.github.com/repos/jnr/jffi,152
629,apiguardian-team/apiguardian,102765966,https://api.github.com/repos/apiguardian-team/apiguardian,146
630,functionaljava/functionaljava,1033614,https://api.github.com/repos/functionaljava/functionaljava,1504
631,lz4/lz4-java,5099453,https://api.github.com/repos/lz4/lz4-java,916
632,tdunning/t-digest,14509169,https://api.github.com/repos/tdunning/t-digest,1651
633,microsoft/TypeScript,20929025,https://api.github.com/repos/microsoft/TypeScript,81622
634,kubernetes-client/java,90675730,https://api.github.com/repos/kubernetes-client/java,2407
635,apollographql/apollo-kotlin,69469299,https://api.github.com/repos/apollographql/apollo-kotlin,3172
636,request/request,1283503,https://api.github.com/repos/request/request,25472
637,ljharb/qs,22266795,https://api.github.com/repos/ljharb/qs,7104
638,websockets/ws,2744972,https://api.github.com/repos/websockets/ws,18346
639,influxdata/influxdb-java,19323986,https://api.github.com/repos/influxdata/influxdb-java,1080
640,jOOQ/jOOR,3069822,https://api.github.com/repos/jOOQ/jOOR,2587
641,google/elemental2,91626146,https://api.github.com/repos/google/elemental2,127
642,EsotericSoftware/yamlbeans,14173188,https://api.github.com/repos/EsotericSoftware/yamlbeans,521
643,tinkerpop/blueprints,508590,https://api.github.com/repos/tinkerpop/blueprints,1345
644,JakeWharton/ViewPagerIndicator,2155793,https://api.github.com/repos/JakeWharton/ViewPagerIndicator,10206
645,k3po/k3po,18419894,https://api.github.com/repos/k3po/k3po,42
646,androidannotations/androidannotations,3116751,https://api.github.com/repos/androidannotations/androidannotations,11160
647,uuidjs/uuid,1203139,https://api.github.com/repos/uuidjs/uuid,12353
648,google/conscrypt,76279202,https://api.github.com/repos/google/conscrypt,1039
649,vinc3m1/RoundedImageView,8347864,https://api.github.com/repos/vinc3m1/RoundedImageView,6334
650,facebook/stetho,29703871,https://api.github.com/repos/facebook/stetho,12529
651,shrinkwrap/shrinkwrap,781404,https://api.github.com/repos/shrinkwrap/shrinkwrap,122
652,spring-projects/spring-cloud,23471572,https://api.github.com/repos/spring-projects/spring-cloud,803
653,apache/maven-compiler-plugin,113678112,https://api.github.com/repos/apache/maven-compiler-plugin,120
654,nutzam/nutz,1873881,https://api.github.com/repos/nutzam/nutz,2453
655,reduxjs/redux,36535156,https://api.github.com/repos/reduxjs/redux,58228
656,java-json-tools/json-schema-validator,1963085,https://api.github.com/repos/java-json-tools/json-schema-validator,1507
657,gatling/gatling-highcharts,2963399,https://api.github.com/repos/gatling/gatling-highcharts,36
658,abel533/mapper-boot-starter,77818517,https://api.github.com/repos/abel533/mapper-boot-starter,108
659,springfox/springfox,4238977,https://api.github.com/repos/springfox/springfox,5640
660,baomidou/dynamic-datasource-spring-boot-starter,131364545,https://api.github.com/repos/baomidou/dynamic-datasource-spring-boot-starter,3439
661,py4j/py4j,1045976,https://api.github.com/repos/py4j/py4j,958
662,eclipse-ee4j/glassfish,148886237,https://api.github.com/repos/eclipse-ee4j/glassfish,283
663,prettier/prettier,75104123,https://api.github.com/repos/prettier/prettier,43130
664,rengwuxian/MaterialEditText,25965034,https://api.github.com/repos/rengwuxian/MaterialEditText,6118
665,chalk/chalk,11855195,https://api.github.com/repos/chalk/chalk,18650
666,wasabeef/glide-transformations,29012058,https://api.github.com/repos/wasabeef/glide-transformations,9654
667,emilsjolander/StickyListHeaders,3688678,https://api.github.com/repos/emilsjolander/StickyListHeaders,5521
668,jprichardson/node-fs-extra,2791348,https://api.github.com/repos/jprichardson/node-fs-extra,8516
669,spring-projects/spring-data-couchbase,10401287,https://api.github.com/repos/spring-projects/spring-data-couchbase,218
670,hibernate/hibernate-search,990281,https://api.github.com/repos/hibernate/hibernate-search,423
671,apereo/cas,2352744,https://api.github.com/repos/apereo/cas,9528
672,Kong/unirest-java,1601209,https://api.github.com/repos/Kong/unirest-java,2300
673,couchbase/couchbase-jvm-clients,151122650,https://api.github.com/repos/couchbase/couchbase-jvm-clients,31
674,spring-cloud/spring-cloud-bus,23238573,https://api.github.com/repos/spring-cloud/spring-cloud-bus,359
675,MicroUtils/kotlin-logging,62350009,https://api.github.com/repos/MicroUtils/kotlin-logging,1886
676,chartjs/Chart.js,8843683,https://api.github.com/repos/chartjs/Chart.js,57298
677,aws/aws-xray-sdk-java,84104620,https://api.github.com/repos/aws/aws-xray-sdk-java,79
678,DV8FromTheWorld/JDA,47880207,https://api.github.com/repos/DV8FromTheWorld/JDA,3065
679,Graylog2/graylog2-server,671825,https://api.github.com/repos/Graylog2/graylog2-server,6150
680,localstack/localstack,71948498,https://api.github.com/repos/localstack/localstack,41666
681,aws/aws-cdk,105808767,https://api.github.com/repos/aws/aws-cdk,8820
682,searchbox-io/Jest,4393933,https://api.github.com/repos/searchbox-io/Jest,2101
683,JodaOrg/joda-money,1728400,https://api.github.com/repos/JodaOrg/joda-money,593
684,EsotericSoftware/reflectasm,14173126,https://api.github.com/repos/EsotericSoftware/reflectasm,1330
685,isaacs/rimraf,1341324,https://api.github.com/repos/isaacs/rimraf,4751
686,airlift/airline,5173953,https://api.github.com/repos/airlift/airline,845
687,killme2008/xmemcached,1294286,https://api.github.com/repos/killme2008/xmemcached,729
688,liaohuqiu/android-Ultra-Pull-To-Refresh,26568234,https://api.github.com/repos/liaohuqiu/android-Ultra-Pull-To-Refresh,9649
689,cobertura/cobertura,6598878,https://api.github.com/repos/cobertura/cobertura,937
690,matteobaccan/owner,7292204,https://api.github.com/repos/matteobaccan/owner,853
691,webcomponents/webcomponentsjs,25003905,https://api.github.com/repos/webcomponents/webcomponentsjs,3868
692,scalikejdbc/scalikejdbc,2801094,https://api.github.com/repos/scalikejdbc/scalikejdbc,1199
693,paulbutcher/ScalaMock,2639404,https://api.github.com/repos/paulbutcher/ScalaMock,459
694,bluelinelabs/Conductor,54057611,https://api.github.com/repos/bluelinelabs/Conductor,3844
695,awaitility/awaitility,483924,https://api.github.com/repos/awaitility/awaitility,3023
696,airbnb/epoxy,65245890,https://api.github.com/repos/airbnb/epoxy,7934
697,clojure/core.async,10082287,https://api.github.com/repos/clojure/core.async,1863
698,twitter/chill,6235080,https://api.github.com/repos/twitter/chill,577
699,tim-group/java-statsd-client,4586520,https://api.github.com/repos/tim-group/java-statsd-client,266
700,daimajia/AndroidSwipeLayout,23301468,https://api.github.com/repos/daimajia/AndroidSwipeLayout,12223
701,unclebob/fitnesse,86149,https://api.github.com/repos/unclebob/fitnesse,1801
702,newrelic/newrelic-java-agent,275016355,https://api.github.com/repos/newrelic/newrelic-java-agent,119
703,javamelody/javamelody,37816257,https://api.github.com/repos/javamelody/javamelody,2655
704,wicketstuff/core,1206855,https://api.github.com/repos/wicketstuff/core,333
705,datanucleus/datanucleus-rdbms,15055753,https://api.github.com/repos/datanucleus/datanucleus-rdbms,22
706,google/jimfs,13745124,https://api.github.com/repos/google/jimfs,2166
707,markedjs/marked,2096579,https://api.github.com/repos/markedjs/marked,27759
708,oracle/graaljs,129883659,https://api.github.com/repos/oracle/graaljs,1263
709,apache/openwebbeans,1302095,https://api.github.com/repos/apache/openwebbeans,51
710,nats-io/nats.java,44841177,https://api.github.com/repos/nats-io/nats.java,418
711,angular/bower-angular-animate,12093600,https://api.github.com/repos/angular/bower-angular-animate,138
712,tj/commander.js,2206953,https://api.github.com/repos/tj/commander.js,22901
713,couchbase/spymemcached,3180639,https://api.github.com/repos/couchbase/spymemcached,183
714,vorburger/MariaDB4j,3355640,https://api.github.com/repos/vorburger/MariaDB4j,684
715,pholser/junit-quickcheck,1001284,https://api.github.com/repos/pholser/junit-quickcheck,898
716,roboguice/roboguice,5391743,https://api.github.com/repos/roboguice/roboguice,3811
717,fizzed/rocker,32427215,https://api.github.com/repos/fizzed/rocker,658
718,JakeWharton/NineOldAndroids,2942615,https://api.github.com/repos/JakeWharton/NineOldAndroids,4515
719,google/gwtmockito,9922054,https://api.github.com/repos/google/gwtmockito,155
720,chrisjenx/Calligraphy,15328210,https://api.github.com/repos/chrisjenx/Calligraphy,8614
721,sgroschupf/zkclient,240361,https://api.github.com/repos/sgroschupf/zkclient,1057
722,facebook/TextLayoutBuilder,72580689,https://api.github.com/repos/facebook/TextLayoutBuilder,1454
723,facebookarchive/rebound,13486910,https://api.github.com/repos/facebookarchive/rebound,5473
724,mulesoft/mule,7058562,https://api.github.com/repos/mulesoft/mule,315
725,uxsolutions/bootstrap-datepicker,3744545,https://api.github.com/repos/uxsolutions/bootstrap-datepicker,12517
726,mitreid-connect/OpenID-Connect-Java-Spring-Server,2681994,https://api.github.com/repos/mitreid-connect/OpenID-Connect-Java-Spring-Server,1377
727,apache/uima-uimaj,14795578,https://api.github.com/repos/apache/uima-uimaj,45
728,mikepenz/FastAdapter,48688603,https://api.github.com/repos/mikepenz/FastAdapter,3619
729,dain/leveldb,2101910,https://api.github.com/repos/dain/leveldb,1392
730,samskivert/jmustache,1019993,https://api.github.com/repos/samskivert/jmustache,738
731,eclipse-ee4j/mail,147809547,https://api.github.com/repos/eclipse-ee4j/mail,175
732,jdereg/java-util,12670630,https://api.github.com/repos/jdereg/java-util,366
733,videojs/video.js,667006,https://api.github.com/repos/videojs/video.js,33476
734,isaacs/node-graceful-fs,2077020,https://api.github.com/repos/isaacs/node-graceful-fs,1164
735,ratpack/ratpack,7763363,https://api.github.com/repos/ratpack/ratpack,1909
736,dreamhead/moco,6275822,https://api.github.com/repos/dreamhead/moco,3962
737,react-component/util,30631815,https://api.github.com/repos/react-component/util,398
738,ngs-doo/dsl-json,45384078,https://api.github.com/repos/ngs-doo/dsl-json,803
739,kiegroup/jbpm,930571,https://api.github.com/repos/kiegroup/jbpm,1359
740,corda/corda,70137417,https://api.github.com/repos/corda/corda,3854
741,hub4j/github-api,617210,https://api.github.com/repos/hub4j/github-api,906
742,argparse4j/argparse4j,2856208,https://api.github.com/repos/argparse4j/argparse4j,220
743,jhalterman/expiringmap,1016728,https://api.github.com/repos/jhalterman/expiringmap,726
744,facebook/litho,80179724,https://api.github.com/repos/facebook/litho,7393
745,michel-kraemer/bson4jackson,895477,https://api.github.com/repos/michel-kraemer/bson4jackson,258
746,firebase/FirebaseUI-Android,38835213,https://api.github.com/repos/firebase/FirebaseUI-Android,4408
747,hseeberger/akka-http-json,31434853,https://api.github.com/repos/hseeberger/akka-http-json,569
748,scala-native/scala-native,27235687,https://api.github.com/repos/scala-native/scala-native,4146
749,petkaantonov/bluebird,12670444,https://api.github.com/repos/petkaantonov/bluebird,20067
750,preactjs/preact,42283287,https://api.github.com/repos/preactjs/preact,31887
751,wildfly/wildfly,764708,https://api.github.com/repos/wildfly/wildfly,2746
752,sksamuel/avro4s,42593679,https://api.github.com/repos/sksamuel/avro4s,652
753,animate-css/animate.css,2561582,https://api.github.com/repos/animate-css/animate.css,74893
754,l0rdn1kk0n/wicket-webjars,7473680,https://api.github.com/repos/l0rdn1kk0n/wicket-webjars,30
755,apache/tinkerpop,30449481,https://api.github.com/repos/apache/tinkerpop,1543
756,playframework/play-iteratees,54611949,https://api.github.com/repos/playframework/play-iteratees,17
757,softwaremill/sttp,95900154,https://api.github.com/repos/softwaremill/sttp,1264
758,swagger-api/swagger-ui,2055965,https://api.github.com/repos/swagger-api/swagger-ui,22241
759,hapifhir/hapi-fhir,21180741,https://api.github.com/repos/hapifhir/hapi-fhir,1497
760,vespa-engine/vespa,60377070,https://api.github.com/repos/vespa-engine/vespa,3964
761,Netflix/spectator,21993347,https://api.github.com/repos/Netflix/spectator,659
762,JanusGraph/janusgraph,77385607,https://api.github.com/repos/JanusGraph/janusgraph,4479
763,apache/maven-scm,206320,https://api.github.com/repos/apache/maven-scm,80
764,allure-framework/allure-java,80822758,https://api.github.com/repos/allure-framework/allure-java,258
765,googleapis/java-datastore,203461426,https://api.github.com/repos/googleapis/java-datastore,25
766,mongodb/mongo-spark,35964690,https://api.github.com/repos/mongodb/mongo-spark,655
767,quarkusio/quarkus,139914932,https://api.github.com/repos/quarkusio/quarkus,10228
768,mlflow/mlflow,136202695,https://api.github.com/repos/mlflow/mlflow,12077
769,jaxen-xpath/jaxen,34950305,https://api.github.com/repos/jaxen-xpath/jaxen,57
770,evernote/android-job,41115262,https://api.github.com/repos/evernote/android-job,5374
771,jsevellec/cassandra-unit,2161754,https://api.github.com/repos/jsevellec/cassandra-unit,423
772,MachinePublishers/jBrowserDriver,29318475,https://api.github.com/repos/MachinePublishers/jBrowserDriver,797
773,gabrielemariotti/cardslib,12984746,https://api.github.com/repos/gabrielemariotti/cardslib,4711
774,martint/jmxutils,321938,https://api.github.com/repos/martint/jmxutils,162
775,JoanZapata/android-iconify,10641697,https://api.github.com/repos/JoanZapata/android-iconify,3912
776,tinkerpop/gremlin,379199,https://api.github.com/repos/tinkerpop/gremlin,1915
777,apache/directory-server,206437,https://api.github.com/repos/apache/directory-server,94
778,clojure/tools.cli,1640042,https://api.github.com/repos/clojure/tools.cli,666
779,trello/RxLifecycle,39385621,https://api.github.com/repos/trello/RxLifecycle,7699
780,webjars/angularjs,4588075,https://api.github.com/repos/webjars/angularjs,28
781,TakahikoKawasaki/nv-websocket-client,32916852,https://api.github.com/repos/TakahikoKawasaki/nv-websocket-client,1913
782,fabric8io/fabric8,1610564,https://api.github.com/repos/fabric8io/fabric8,1778
783,TestFX/TestFX,11424225,https://api.github.com/repos/TestFX/TestFX,801
784,thinkaurelius/titan,3548254,https://api.github.com/repos/thinkaurelius/titan,5191
785,rtyley/spongycastle,15010407,https://api.github.com/repos/rtyley/spongycastle,662
786,ocpsoft/rewrite,1946637,https://api.github.com/repos/ocpsoft/rewrite,174
787,jcabi/jcabi-aspects,12590126,https://api.github.com/repos/jcabi/jcabi-aspects,478
788,Angel-ML/angel,89322848,https://api.github.com/repos/Angel-ML/angel,6538
789,glytching/junit-extensions,110848779,https://api.github.com/repos/glytching/junit-extensions,51
790,slugify/slugify,5017081,https://api.github.com/repos/slugify/slugify,260
791,NLPchina/ansj_seg,5683140,https://api.github.com/repos/NLPchina/ansj_seg,6142
792,SonarSource/orchestrator,42050815,https://api.github.com/repos/SonarSource/orchestrator,7
793,angular-translate/angular-translate,9076111,https://api.github.com/repos/angular-translate/angular-translate,4402
794,sockeqwe/mosby,32834215,https://api.github.com/repos/sockeqwe/mosby,5491
795,biojava/biojava,9199359,https://api.github.com/repos/biojava/biojava,496
796,opensagres/xdocreport,2432524,https://api.github.com/repos/opensagres/xdocreport,951
797,date-fns/date-fns,24841635,https://api.github.com/repos/date-fns/date-fns,28999
798,arquillian/arquillian-extension-drone,1529695,https://api.github.com/repos/arquillian/arquillian-extension-drone,51
799,jakartaee/servlet,136060027,https://api.github.com/repos/jakartaee/servlet,128
800,hornetq/hornetq,3762445,https://api.github.com/repos/hornetq/hornetq,246
801,bootique/bootique,47767967,https://api.github.com/repos/bootique/bootique,1370
802,clojure/test.check,14901072,https://api.github.com/repos/clojure/test.check,1062
803,pureconfig/pureconfig,41600790,https://api.github.com/repos/pureconfig/pureconfig,1278
804,fusesource/mqtt-client,2999669,https://api.github.com/repos/fusesource/mqtt-client,1221
805,JavaMoney/jsr354-api,6513204,https://api.github.com/repos/JavaMoney/jsr354-api,298
806,rkalla/imgscalr,1195705,https://api.github.com/repos/rkalla/imgscalr,1115
807,apache/maven-enforcer,206341,https://api.github.com/repos/apache/maven-enforcer,99
808,sbt/launcher,27496031,https://api.github.com/repos/sbt/launcher,37
809,locationtech/spatial4j,3564955,https://api.github.com/repos/locationtech/spatial4j,836
810,facebook/jest,15062869,https://api.github.com/repos/facebook/jest,39395
811,OSGeo/gdal,6148317,https://api.github.com/repos/OSGeo/gdal,3181
812,jashkenas/underscore,349241,https://api.github.com/repos/jashkenas/underscore,26456
813,angular/angular-cli,36891867,https://api.github.com/repos/angular/angular-cli,25445
814,nodeca/js-yaml,2504175,https://api.github.com/repos/nodeca/js-yaml,5539
815,playframework/play-json,75692093,https://api.github.com/repos/playframework/play-json,311
816,webjars/jquery-ui,4299615,https://api.github.com/repos/webjars/jquery-ui,2
817,square/phrase,16124098,https://api.github.com/repos/square/phrase,1392
818,vt-middleware/ldaptive,25927306,https://api.github.com/repos/vt-middleware/ldaptive,52
819,twitter/scrooge,2249288,https://api.github.com/repos/twitter/scrooge,757
820,vuejs/vuex,39176269,https://api.github.com/repos/vuejs/vuex,27625
821,alkacon/opencms-core,1965842,https://api.github.com/repos/alkacon/opencms-core,470
822,npm/node-semver,1357199,https://api.github.com/repos/npm/node-semver,4212
823,flowable/flowable-engine,70780002,https://api.github.com/repos/flowable/flowable-engine,5313
824,DiUS/java-faker,1852481,https://api.github.com/repos/DiUS/java-faker,3573
825,immutable-js/immutable-js,21413198,https://api.github.com/repos/immutable-js/immutable-js,32067
826,line/line-bot-sdk-java,56061422,https://api.github.com/repos/line/line-bot-sdk-java,532
827,jhipster/jhipster,76267363,https://api.github.com/repos/jhipster/jhipster,406
828,webpack/webpack,3678731,https://api.github.com/repos/webpack/webpack,61251
829,Polymer/polymer,5532320,https://api.github.com/repos/Polymer/polymer,21793
830,axios/axios,23088740,https://api.github.com/repos/axios/axios,94084
831,javalin/javalin,87012358,https://api.github.com/repos/javalin/javalin,5594
832,bugsnag/bugsnag-android,2406783,https://api.github.com/repos/bugsnag/bugsnag-android,1054
833,tinylog-org/tinylog,5793618,https://api.github.com/repos/tinylog-org/tinylog,508
834,alexa/alexa-skills-kit-sdk-for-java,38904647,https://api.github.com/repos/alexa/alexa-skills-kit-sdk-for-java,789
835,isaacs/minimatch,2056549,https://api.github.com/repos/isaacs/minimatch,2681
836,davidB/scala-maven-plugin,21099,https://api.github.com/repos/davidB/scala-maven-plugin,514
837,forge/roaster,8957185,https://api.github.com/repos/forge/roaster,548
838,twilio/twilio-java,307476,https://api.github.com/repos/twilio/twilio-java,404
839,zenorocha/clipboard.js,42751014,https://api.github.com/repos/zenorocha/clipboard.js,32253
840,jcabi/jcabi-manifests,12584841,https://api.github.com/repos/jcabi/jcabi-manifests,57
841,awslabs/aws-solutions-constructs,248605700,https://api.github.com/repos/awslabs/aws-solutions-constructs,774
842,digital-asset/daml,178222328,https://api.github.com/repos/digital-asset/daml,697
843,eslint/eslint,11061773,https://api.github.com/repos/eslint/eslint,20749
844,outr/scribe,50439358,https://api.github.com/repos/outr/scribe,389
845,aws/jsii,105802846,https://api.github.com/repos/aws/jsii,1981
846,wg/scrypt,1274723,https://api.github.com/repos/wg/scrypt,422
847,LGoodDatePicker/LGoodDatePicker,52056522,https://api.github.com/repos/LGoodDatePicker/LGoodDatePicker,212
848,etsy/AndroidStaggeredGrid,15057216,https://api.github.com/repos/etsy/AndroidStaggeredGrid,4785
849,saucelabs/sauce-java,4646950,https://api.github.com/repos/saucelabs/sauce-java,44
850,traex/RippleEffect,25208398,https://api.github.com/repos/traex/RippleEffect,4958
851,carrotsearch/junit-benchmarks,1274385,https://api.github.com/repos/carrotsearch/junit-benchmarks,58
852,caelum/vraptor4,9821876,https://api.github.com/repos/caelum/vraptor4,345
853,avaje-pom/java8-oss,54354249,https://api.github.com/repos/avaje-pom/java8-oss,0
854,JesusFreke/smali,5925560,https://api.github.com/repos/JesusFreke/smali,5451
855,phxql/argon2-jvm,49338319,https://api.github.com/repos/phxql/argon2-jvm,290
856,auth0/JWTDecode.Android,71183878,https://api.github.com/repos/auth0/JWTDecode.Android,368
857,lift/framework,1295197,https://api.github.com/repos/lift/framework,1257
858,clojure/core.cache,2830628,https://api.github.com/repos/clojure/core.cache,406
859,jsonld-java/jsonld-java,2988730,https://api.github.com/repos/jsonld-java/jsonld-java,357
860,lightbody/browsermob-proxy,2316977,https://api.github.com/repos/lightbody/browsermob-proxy,1834
861,atteo/evo-inflector,5732498,https://api.github.com/repos/atteo/evo-inflector,306
862,spring-attic/spring-social,1421658,https://api.github.com/repos/spring-attic/spring-social,623
863,Netflix/servo,2997701,https://api.github.com/repos/Netflix/servo,1368
864,apache/kylin,28738447,https://api.github.com/repos/apache/kylin,3321
865,akka/akka-management,73269683,https://api.github.com/repos/akka/akka-management,251
866,mp911de/logstash-gelf,13122373,https://api.github.com/repos/mp911de/logstash-gelf,396
867,sirthias/parboiled2,9519438,https://api.github.com/repos/sirthias/parboiled2,688
868,Fazecast/jSerialComm,31406703,https://api.github.com/repos/Fazecast/jSerialComm,922
869,wso2/carbon-analytics-common,31999455,https://api.github.com/repos/wso2/carbon-analytics-common,8
870,apache/mina-ftpserver,165370421,https://api.github.com/repos/apache/mina-ftpserver,26
871,webpack/loader-utils,6503675,https://api.github.com/repos/webpack/loader-utils,703
872,j-easy/easy-rules,8686380,https://api.github.com/repos/j-easy/easy-rules,3914
873,palantir/docker-compose-rule,50542309,https://api.github.com/repos/palantir/docker-compose-rule,417
874,jashkenas/backbone,952189,https://api.github.com/repos/jashkenas/backbone,27867
875,auth0/jwks-rsa-java,64866880,https://api.github.com/repos/auth0/jwks-rsa-java,144
876,dropbox/dropbox-sdk-java,10983050,https://api.github.com/repos/dropbox/dropbox-sdk-java,515
877,microsoft/tslib,34414315,https://api.github.com/repos/microsoft/tslib,972
878,real-logic/agrona,26136655,https://api.github.com/repos/real-logic/agrona,2316
879,webjars/momentjs,4370938,https://api.github.com/repos/webjars/momentjs,6
880,pac4j/spring-webmvc-pac4j,43879117,https://api.github.com/repos/pac4j/spring-webmvc-pac4j,130
881,rubenlagus/TelegramBots,49610798,https://api.github.com/repos/rubenlagus/TelegramBots,3073
882,reactor/reactor-addons,51015648,https://api.github.com/repos/reactor/reactor-addons,212
883,vavr-io/vavr,16378879,https://api.github.com/repos/vavr-io/vavr,4864
884,osmdroid/osmdroid,17488986,https://api.github.com/repos/osmdroid/osmdroid,2362
885,monix/monix,15673987,https://api.github.com/repos/monix/monix,1845
886,charithe/kafka-junit,31855086,https://api.github.com/repos/charithe/kafka-junit,97
887,Leaflet/Leaflet,931135,https://api.github.com/repos/Leaflet/Leaflet,34811
888,spekframework/spek,6551658,https://api.github.com/repos/spekframework/spek,2177
889,javaee/hk2,14920951,https://api.github.com/repos/javaee/hk2,106
890,eclipse-ee4j/yasson,74138254,https://api.github.com/repos/eclipse-ee4j/yasson,180
891,com-lihaoyi/upickle,19058393,https://api.github.com/repos/com-lihaoyi/upickle,610
892,Netflix/zuul,8759133,https://api.github.com/repos/Netflix/zuul,12000
893,processing/processing,7807399,https://api.github.com/repos/processing/processing,6225
894,japgolly/scalajs-react,21457951,https://api.github.com/repos/japgolly/scalajs-react,1576
895,vladmihalcea/hibernate-types,104705553,https://api.github.com/repos/vladmihalcea/hibernate-types,1611
896,DmitryBaranovskiy/raphael,48296,https://api.github.com/repos/DmitryBaranovskiy/raphael,11077
897,HaraldWalker/user-agent-utils,8964315,https://api.github.com/repos/HaraldWalker/user-agent-utils,870
898,googleapis/java-common-protos,260267737,https://api.github.com/repos/googleapis/java-common-protos,12
899,googleapis/java-iam,260267731,https://api.github.com/repos/googleapis/java-iam,1
900,alipay/alipay-sdk-java-all,132569986,https://api.github.com/repos/alipay/alipay-sdk-java-all,326
901,jquery-validation/jquery-validation,648414,https://api.github.com/repos/jquery-validation/jquery-validation,10200
902,transloadit/uppy,46273445,https://api.github.com/repos/transloadit/uppy,25389
903,Ecwid/consul-api,23837751,https://api.github.com/repos/Ecwid/consul-api,396
904,stripe/stripe-java,2176646,https://api.github.com/repos/stripe/stripe-java,609
905,vuejs/vue-router,15116946,https://api.github.com/repos/vuejs/vue-router,18820
906,AxonFramework/AxonFramework,2899580,https://api.github.com/repos/AxonFramework/AxonFramework,2773
907,apache/maven-release,206339,https://api.github.com/repos/apache/maven-release,84
908,liferay/liferay-plugins,317888,https://api.github.com/repos/liferay/liferay-plugins,513
909,swagger-api/swagger-parser,18997610,https://api.github.com/repos/swagger-api/swagger-parser,584
910,prestodb/presto,5349565,https://api.github.com/repos/prestodb/presto,13573
911,vert-x3/vertx-config,75085823,https://api.github.com/repos/vert-x3/vertx-config,51
912,jboss/jboss-parent-pom,931052,https://api.github.com/repos/jboss/jboss-parent-pom,22
913,seedstack/seed,28138406,https://api.github.com/repos/seedstack/seed,26
914,jrtom/jung,38588220,https://api.github.com/repos/jrtom/jung,335
915,errai/errai,899555,https://api.github.com/repos/errai/errai,274
916,openjdk/jol,298223552,https://api.github.com/repos/openjdk/jol,435
917,scalaj/scalaj-http,857520,https://api.github.com/repos/scalaj/scalaj-http,971
918,sebthom/oval,43507773,https://api.github.com/repos/sebthom/oval,94
919,code4craft/webmagic,9623064,https://api.github.com/repos/code4craft/webmagic,10404
920,typelevel/simulacrum,29378934,https://api.github.com/repos/typelevel/simulacrum,933
921,stevesaliman/gradle-cobertura-plugin,5086807,https://api.github.com/repos/stevesaliman/gradle-cobertura-plugin,116
922,justmoon/node-extend,3967764,https://api.github.com/repos/justmoon/node-extend,335
923,stefanpenner/es6-promise,15046172,https://api.github.com/repos/stefanpenner/es6-promise,7284
924,lordofthejars/nosql-unit,4338484,https://api.github.com/repos/lordofthejars/nosql-unit,375
925,codelibs/elasticsearch-cluster-runner,20613654,https://api.github.com/repos/codelibs/elasticsearch-cluster-runner,64
926,RaiMan/SikuliX1,124256520,https://api.github.com/repos/RaiMan/SikuliX1,1854
927,webjars/d3js,4370886,https://api.github.com/repos/webjars/d3js,5
928,rvagg/through2,11808187,https://api.github.com/repos/rvagg/through2,1869
929,palominolabs/metrics-guice,4578563,https://api.github.com/repos/palominolabs/metrics-guice,87
930,jmdns/jmdns,21750896,https://api.github.com/repos/jmdns/jmdns,439
931,zalando/problem-spring-web,40998919,https://api.github.com/repos/zalando/problem-spring-web,834
932,AzureAD/azure-activedirectory-library-for-java,18598682,https://api.github.com/repos/AzureAD/azure-activedirectory-library-for-java,156
933,JavaMoney/jsr354-ri,13424587,https://api.github.com/repos/JavaMoney/jsr354-ri,266
934,eclipse-ee4j/metro-jax-ws,153644381,https://api.github.com/repos/eclipse-ee4j/metro-jax-ws,38
935,apache/mina,206366,https://api.github.com/repos/apache/mina,825
936,espertechinc/esper,33491843,https://api.github.com/repos/espertechinc/esper,740
937,apache/maven-archiver,113483736,https://api.github.com/repos/apache/maven-archiver,6
938,goldmansachs/reladomo,68020885,https://api.github.com/repos/goldmansachs/reladomo,354
939,thymeleaf/thymeleaf-extras-java8time,26638713,https://api.github.com/repos/thymeleaf/thymeleaf-extras-java8time,98
940,socketio/socket.io-client-java,9733123,https://api.github.com/repos/socketio/socket.io-client-java,4939
941,apache/drill,5683653,https://api.github.com/repos/apache/drill,1686
942,JedWatson/react-select,23338716,https://api.github.com/repos/JedWatson/react-select,24745
943,jenetics/jenetics,15365897,https://api.github.com/repos/jenetics/jenetics,726
944,Swagger2Markup/swagger2markup,30644093,https://api.github.com/repos/Swagger2Markup/swagger2markup,2370
945,zeroc-ice/ice,31625029,https://api.github.com/repos/zeroc-ice/ice,1819
946,jaegertracing/legacy-client-java,128785357,https://api.github.com/repos/jaegertracing/legacy-client-java,5
947,code-disaster/steamworks4j,23023862,https://api.github.com/repos/code-disaster/steamworks4j,371
948,d3/d3-array,36835663,https://api.github.com/repos/d3/d3-array,391
949,Baseflow/PhotoView,5084750,https://api.github.com/repos/Baseflow/PhotoView,18270
950,spring-projects/spring-ws,7914484,https://api.github.com/repos/spring-projects/spring-ws,266
951,mojo-executor/mojo-executor,1322849,https://api.github.com/repos/mojo-executor/mojo-executor,178
952,structurizr/java,20656032,https://api.github.com/repos/structurizr/java,834
953,ACRA/acra,5890835,https://api.github.com/repos/ACRA/acra,5869
954,apache/bookkeeper,1575956,https://api.github.com/repos/apache/bookkeeper,1576
955,highlightjs/highlight.js,1213225,https://api.github.com/repos/highlightjs/highlight.js,20118
956,remix-run/react-router,19872456,https://api.github.com/repos/remix-run/react-router,47319
957,mixpanel/mixpanel-android,818509,https://api.github.com/repos/mixpanel/mixpanel-android,961
958,rundeck/rundeck,886774,https://api.github.com/repos/rundeck/rundeck,4606
959,imagej/ImageJ,2136580,https://api.github.com/repos/imagej/ImageJ,199
960,http4s/http4s,3692188,https://api.github.com/repos/http4s/http4s,2276
961,coursier/coursier,37548601,https://api.github.com/repos/coursier/coursier,1894
962,com-lihaoyi/Ammonite,29178282,https://api.github.com/repos/com-lihaoyi/Ammonite,2495
963,FasterXML/jackson-jr,12667858,https://api.github.com/repos/FasterXML/jackson-jr,198
964,oracle/graal,49662222,https://api.github.com/repos/oracle/graal,17156
